arc_id,from_node,to_node,length_km,t0_h,capacity_veh_h,alpha,beta,free_speed_kmh,edge_kind,road_class,is_congested,congestion_time_penalty,flow_veh_h,bpr_time_h
0,0,52,3.124055766583747,0.05680101393788631,1200.0,0.15,4.0,55.0,knn,arterial,False,1.0,549.8983333333333,0.05717672326498721
1,52,0,3.124055766583747,0.05680101393788631,1200.0,0.15,4.0,55.0,knn,arterial,False,1.0,250.821,0.05681727608715648
2,0,24,2.5942241133374417,0.04716771115158985,1200.0,0.15,4.0,55.0,knn,arterial,False,1.0,278.703,0.04718829742096735
3,24,0,2.5942241133374417,0.04716771115158985,1200.0,0.15,4.0,55.0,knn,arterial,False,1.0,391.3113333333333,0.047247713140204296
4,0,2,3.784062845708723,0.06880114264924951,1200.0,0.15,4.0,55.0,knn,arterial,False,1.0,41.832,0.06880115788965217
5,2,0,3.784062845708723,0.06880114264924951,1200.0,0.15,4.0,55.0,knn,arterial,False,1.0,41.832,0.06880115788965217
6,0,41,6.070432973386268,0.11037150860702305,1200.0,0.15,4.0,55.0,knn,arterial,False,1.0,129.83166666666665,0.11037377714358147
7,41,0,6.070432973386268,0.11037150860702305,1200.0,0.15,4.0,55.0,knn,arterial,False,1.0,184.3886666666667,0.11038073772396996
8,0,20,6.273730092671854,0.11406781986676098,1200.0,0.15,4.0,55.0,knn,arterial,False,1.0,68.33066666666667,0.11406799975055865
9,20,0,6.273730092671854,0.11406781986676098,1200.0,0.15,4.0,55.0,knn,arterial,False,1.0,95.06666666666668,0.11406849383973493
10,1,61,3.645342198406789,0.06627894906194162,1200.0,0.15,4.0,55.0,knn,arterial,False,1.0,659.1851666666666,0.06718420543856378
11,61,1,3.645342198406789,0.06627894906194162,1200.0,0.15,4.0,55.0,knn,arterial,False,1.0,621.5341666666666,0.06699443634350342
12,1,26,2.595014455707521,0.047182081012864016,1200.0,0.15,4.0,55.0,knn,arterial,False,1.0,326.71675,0.04722097020917398
13,26,1,2.595014455707521,0.047182081012864016,1200.0,0.15,4.0,55.0,knn,arterial,False,1.0,344.0283333333333,0.04722989117458625
14,1,47,4.485111733529232,0.08154748606416785,1200.0,0.15,4.0,55.0,knn,arterial,False,1.0,138.517,0.0815496577108072
15,47,1,4.485111733529232,0.08154748606416785,1200.0,0.15,4.0,55.0,knn,arterial,False,1.0,147.86833333333334,0.08155030624894129
16,1,9,1.4406457490521818,0.036016143726304545,600.0,0.15,4.0,40.0,knn,local,False,1.0,314.3745,0.03642331086022132
17,9,1,1.4406457490521818,0.036016143726304545,600.0,0.15,4.0,40.0,knn,local,False,1.0,298.4055,0.03634667363390882
18,1,40,3.3440178493607338,0.06080032453383152,1200.0,0.15,4.0,55.0,knn,arterial,False,1.0,346.94733333333335,0.060864051961327145
19,40,1,3.3440178493607338,0.06080032453383152,1200.0,0.15,4.0,55.0,knn,arterial,False,1.0,407.1044166666667,0.06092113245982276
20,1,37,9.838610116236701,0.17888382029521274,1200.0,0.15,4.0,55.0,knn,arterial,False,1.0,0.0,0.17888382029521274
21,37,1,9.838610116236701,0.17888382029521274,1200.0,0.15,4.0,55.0,knn,arterial,False,1.0,0.0,0.17888382029521274
22,1,66,5.020127413028402,0.09127504387324367,1200.0,0.15,4.0,55.0,knn,arterial,False,1.0,192.313,0.09128407522787986
23,66,1,5.020127413028402,0.09127504387324367,1200.0,0.15,4.0,55.0,knn,arterial,False,1.0,159.113,0.09127927582767009
24,2,41,5.4420987894295285,0.09894725071690051,1200.0,0.15,4.0,55.0,knn,arterial,False,1.0,25.395666666666667,0.09894725369410373
25,41,2,5.4420987894295285,0.09894725071690051,1200.0,0.15,4.0,55.0,knn,arterial,False,1.0,25.395666666666667,0.09894725369410373
26,2,24,5.449688560265821,0.09908524655028766,1200.0,0.15,4.0,55.0,knn,arterial,False,1.0,47.909,0.09908528431130559
27,24,2,5.449688560265821,0.09908524655028766,1200.0,0.15,4.0,55.0,knn,arterial,False,1.0,47.909,0.09908528431130559
28,2,52,6.477039963716162,0.1177643629766575,1200.0,0.15,4.0,55.0,knn,arterial,False,1.0,0.0,0.1177643629766575
29,52,2,6.477039963716162,0.1177643629766575,1200.0,0.15,4.0,55.0,knn,arterial,False,1.0,0.0,0.1177643629766575
30,2,23,11.324951959996438,0.2059082174544807,1200.0,0.15,4.0,55.0,knn,arterial,False,1.0,0.0,0.2059082174544807
31,23,2,11.324951959996438,0.2059082174544807,1200.0,0.15,4.0,55.0,knn,arterial,False,1.0,0.0,0.2059082174544807
32,3,30,3.606106798743434,0.06556557815897153,1200.0,0.15,4.0,55.0,knn,arterial,False,1.0,47.537333333333336,0.06556560237937833
33,30,3,3.606106798743434,0.06556557815897153,1200.0,0.15,4.0,55.0,knn,arterial,False,1.0,63.33333333333333,0.06556565446723228
34,3,53,2.305418115908397,0.057635452897709924,600.0,0.15,4.0,40.0,knn,local,False,1.0,66.06933333333333,0.057636723985848966
35,53,3,2.305418115908397,0.057635452897709924,600.0,0.15,4.0,40.0,knn,local,False,1.0,66.06933333333333,0.057636723985848966
36,3,48,3.6153730981311383,0.06573405632965706,420.0,0.15,4.0,55.0,knn,arterial,True,3.0,157.55533333333335,0.06592931798445927
37,48,3,3.6153730981311383,0.06573405632965706,420.0,0.15,4.0,55.0,knn,arterial,True,3.0,141.75933333333336,0.06586202132307638
38,3,60,4.733077984488833,0.08605596335434243,1200.0,0.15,4.0,55.0,knn,arterial,False,1.0,0.0,0.08605596335434243
39,60,3,4.733077984488833,0.08605596335434243,1200.0,0.15,4.0,55.0,knn,arterial,False,1.0,0.0,0.08605596335434243
40,3,63,5.24437808376615,0.09535232879574818,1200.0,0.15,4.0,55.0,knn,arterial,False,1.0,28.15266666666667,0.0953523331286189
41,63,3,5.24437808376615,0.09535232879574818,1200.0,0.15,4.0,55.0,knn,arterial,False,1.0,28.15266666666667,0.0953523331286189
42,4,8,2.0209872271174447,0.05052468067793612,210.0,0.15,4.0,40.0,knn,local,True,3.0,0.0,0.05052468067793612
43,8,4,2.0209872271174447,0.05052468067793612,210.0,0.15,4.0,40.0,knn,local,True,3.0,0.0,0.05052468067793612
44,4,42,2.1184940025842107,0.05296235006460527,210.0,0.15,4.0,40.0,knn,local,True,3.0,127.62741666666666,0.05404617026794012
45,42,4,2.1184940025842107,0.05296235006460527,210.0,0.15,4.0,40.0,knn,local,True,3.0,81.12133333333333,0.053139247545582656
46,4,55,2.862176082686399,0.052039565139752705,420.0,0.15,4.0,55.0,knn,arterial,True,3.0,154.691,0.05218320928986638
47,55,4,2.862176082686399,0.052039565139752705,420.0,0.15,4.0,55.0,knn,arterial,True,3.0,281.6320833333333,0.053617744166534066
48,4,72,2.9367374509193804,0.05339522638035237,420.0,0.15,4.0,55.0,knn,arterial,True,3.0,14.204,0.05339523685740641
49,72,4,2.9367374509193804,0.05339522638035237,420.0,0.15,4.0,55.0,knn,arterial,True,3.0,14.204,0.05339523685740641
50,4,17,0.47322262348162386,0.011830565587040596,210.0,0.15,4.0,40.0,knn,local,True,3.0,181.9205,0.012829981250316197
51,17,4,0.47322262348162386,0.011830565587040596,210.0,0.15,4.0,40.0,knn,local,True,3.0,164.9445,0.012505980962293323
52,4,48,4.290632357461167,0.07801149740838485,420.0,0.15,4.0,55.0,knn,arterial,True,3.0,194.8435,0.07855349380679719
53,48,4,4.290632357461167,0.07801149740838485,420.0,0.15,4.0,55.0,knn,arterial,True,3.0,131.3845,0.07812355189292892
54,5,69,4.978634792989267,0.09052063259980485,1200.0,0.15,4.0,55.0,knn,arterial,False,1.0,148.99658333333332,0.09052385974937106
55,69,5,4.978634792989267,0.09052063259980485,1200.0,0.15,4.0,55.0,knn,arterial,False,1.0,123.44033333333333,0.09052215294497379
56,5,22,0.44145580937277396,0.01103639523431935,600.0,0.15,4.0,40.0,knn,local,False,1.0,171.57675,0.011047465224897302
57,22,5,0.44145580937277396,0.01103639523431935,600.0,0.15,4.0,40.0,knn,local,False,1.0,129.30833333333334,0.011039966478608118
58,5,44,3.910001842933479,0.07109094259879052,1200.0,0.15,4.0,55.0,knn,arterial,False,1.0,139.49733333333333,0.07109288994948544
59,44,5,3.910001842933479,0.07109094259879052,1200.0,0.15,4.0,55.0,knn,arterial,False,1.0,139.49733333333333,0.07109288994948544
60,5,7,3.5426865216765577,0.06441248221230104,1200.0,0.15,4.0,55.0,knn,arterial,False,1.0,134.05033333333333,0.06441398676672981
61,7,5,3.5426865216765577,0.06441248221230104,1200.0,0.15,4.0,55.0,knn,arterial,False,1.0,40.22366666666667,0.0644124944095795
62,5,68,5.227300133398324,0.09504182060724226,1200.0,0.15,4.0,55.0,knn,arterial,False,1.0,108.70733333333334,0.09504278070706867
63,68,5,5.227300133398324,0.09504182060724226,1200.0,0.15,4.0,55.0,knn,arterial,False,1.0,230.42133333333334,0.09506120141006942
64,5,11,7.612746478866841,0.13841357234303348,1200.0,0.15,4.0,55.0,knn,arterial,False,1.0,24.121,0.13841357573245971
65,11,5,7.612746478866841,0.13841357234303348,1200.0,0.15,4.0,55.0,knn,arterial,False,1.0,24.121,0.13841357573245971
66,5,23,14.677791176460325,0.26686893048109683,1200.0,0.15,4.0,55.0,knn,arterial,False,1.0,0.0,0.26686893048109683
67,23,5,14.677791176460325,0.26686893048109683,1200.0,0.15,4.0,55.0,knn,arterial,False,1.0,0.0,0.26686893048109683
68,5,41,5.309067016752085,0.09652849121367427,1200.0,0.15,4.0,55.0,knn,arterial,False,1.0,76.525,0.09652873067486953
69,41,5,5.309067016752085,0.09652849121367427,1200.0,0.15,4.0,55.0,knn,arterial,False,1.0,62.11333333333334,0.0965285951485111
70,5,51,11.171325187317086,0.2031150034057652,1200.0,0.15,4.0,55.0,knn,arterial,False,1.0,0.0,0.2031150034057652
71,51,5,11.171325187317086,0.2031150034057652,1200.0,0.15,4.0,55.0,knn,arterial,False,1.0,0.0,0.2031150034057652
72,5,71,31.568944481607723,0.4856760689478111,1500.0,0.15,4.0,65.0,shortcut,shortcut,False,1.0,0.0,0.4856760689478111
73,71,5,31.568944481607723,0.4856760689478111,1500.0,0.15,4.0,65.0,shortcut,shortcut,False,1.0,0.0,0.4856760689478111
74,6,20,2.4437486342876347,0.06109371585719087,600.0,0.15,4.0,40.0,knn,local,False,1.0,233.226,0.06130292981421948
75,20,6,2.4437486342876347,0.06109371585719087,600.0,0.15,4.0,40.0,knn,local,False,1.0,255.49200000000002,0.06139501092490551
76,6,79,3.3489179655595707,0.06088941755562856,1200.0,0.15,4.0,55.0,knn,arterial,False,1.0,441.93133333333327,0.06105742451532115
77,79,6,3.3489179655595707,0.06088941755562856,1200.0,0.15,4.0,55.0,knn,arterial,False,1.0,328.3883333333333,0.06094063984352033
78,6,24,5.003079412289481,0.09096508022344511,1200.0,0.15,4.0,55.0,knn,arterial,False,1.0,376.21866666666665,0.09109690660803291
79,24,6,5.003079412289481,0.09096508022344511,1200.0,0.15,4.0,55.0,knn,arterial,False,1.0,524.4916666666668,0.09146304124714882
80,6,39,7.021319120265184,0.12766034764118517,1200.0,0.15,4.0,55.0,knn,arterial,False,1.0,569.1003333333333,0.12862902167347626
81,39,6,7.021319120265184,0.12766034764118517,1200.0,0.15,4.0,55.0,knn,arterial,False,1.0,331.5663333333333,0.12777195787143403
82,7,44,0.3989011413134381,0.009972528532835954,600.0,0.15,4.0,40.0,knn,local,False,1.0,511.87058333333334,0.010764906210448623
83,44,7,0.3989011413134381,0.009972528532835954,600.0,0.15,4.0,40.0,knn,local,False,1.0,504.95258333333334,0.010722930456410039
84,7,45,3.245028566026886,0.059000519382307014,1200.0,0.15,4.0,55.0,knn,arterial,False,1.0,140.437,0.05900217953595397
85,45,7,3.245028566026886,0.059000519382307014,1200.0,0.15,4.0,55.0,knn,arterial,False,1.0,49.553000000000004,0.05900054511598837
86,7,22,3.1521982487429336,0.0573126954316897,1200.0,0.15,4.0,55.0,knn,arterial,False,1.0,350.05425,0.057374948179806366
87,22,7,3.1521982487429336,0.0573126954316897,1200.0,0.15,4.0,55.0,knn,arterial,False,1.0,446.7475833333333,0.05747784063207813
88,7,13,4.301098395900116,0.07820178901636575,1200.0,0.15,4.0,55.0,knn,arterial,False,1.0,316.86466666666666,0.07825881571358694
89,13,7,4.301098395900116,0.07820178901636575,1200.0,0.15,4.0,55.0,knn,arterial,False,1.0,224.14666666666665,0.07821606848682752
90,7,41,5.234980605061644,0.09518146554657533,1200.0,0.15,4.0,55.0,knn,arterial,False,1.0,34.58833333333333,0.0951814754011346
91,41,7,5.234980605061644,0.09518146554657533,1200.0,0.15,4.0,55.0,knn,arterial,False,1.0,34.58833333333333,0.0951814754011346
92,8,31,1.5718002969005997,0.039295007422514995,210.0,0.15,4.0,40.0,knn,local,True,3.0,201.38266666666667,0.04427971636431474
93,31,8,1.5718002969005997,0.039295007422514995,210.0,0.15,4.0,40.0,knn,local,True,3.0,122.94766666666666,0.03998752789913305
94,8,72,1.2356874309437793,0.030892185773594483,210.0,0.15,4.0,40.0,knn,local,True,3.0,13.322666666666668,0.030892260836844796
95,72,8,1.2356874309437793,0.030892185773594483,210.0,0.15,4.0,40.0,knn,local,True,3.0,13.322666666666668,0.030892260836844796
96,8,17,1.6279584438067927,0.040698961095169815,210.0,0.15,4.0,40.0,knn,local,True,3.0,63.349000000000004,0.04074951520390213
97,17,8,1.6279584438067927,0.040698961095169815,210.0,0.15,4.0,40.0,knn,local,True,3.0,40.668,0.04070754744666451
98,8,18,1.719805878175587,0.042995146954389676,210.0,0.15,4.0,40.0,knn,local,True,3.0,149.93699999999998,0.0446711267779331
99,18,8,1.719805878175587,0.042995146954389676,210.0,0.15,4.0,40.0,knn,local,True,3.0,91.69566666666667,0.04322958536438223
100,8,42,2.927460453661329,0.053226553702933256,420.0,0.15,4.0,55.0,knn,arterial,True,3.0,233.8925,0.053994423576190456
101,42,8,2.927460453661329,0.053226553702933256,420.0,0.15,4.0,55.0,knn,arterial,True,3.0,139.08433333333335,0.05332256786534343
102,8,55,2.764033950156048,0.050255162730109965,420.0,0.15,4.0,55.0,knn,arterial,True,3.0,163.98366666666666,0.05043033975773088
103,55,8,2.764033950156048,0.050255162730109965,420.0,0.15,4.0,55.0,knn,arterial,True,3.0,373.4385,0.054966575348716386
104,8,59,3.3051879138758014,0.06009432570683275,420.0,0.15,4.0,55.0,knn,arterial,True,3.0,12.653333333333332,0.06009433313270306
105,59,8,3.3051879138758014,0.06009432570683275,420.0,0.15,4.0,55.0,knn,arterial,True,3.0,57.364000000000004,0.06009746249558843
106,8,74,2.2410264063677987,0.05602566015919497,210.0,0.15,4.0,40.0,knn,local,True,3.0,13.322666666666668,0.05602579629291446
107,74,8,2.2410264063677987,0.05602566015919497,210.0,0.15,4.0,40.0,knn,local,True,3.0,13.322666666666668,0.05602579629291446
108,9,26,1.1553663506023342,0.028884158765058354,600.0,0.15,4.0,40.0,knn,local,False,1.0,87.11833333333331,0.028886084445476794
109,26,9,1.1553663506023342,0.028884158765058354,600.0,0.15,4.0,40.0,knn,local,False,1.0,119.50933333333333,0.028890978276714132
110,9,34,3.889135895733452,0.07071156174060822,1200.0,0.15,4.0,55.0,knn,arterial,False,1.0,73.74666666666666,0.07071171303620348
111,34,9,3.889135895733452,0.07071156174060822,1200.0,0.15,4.0,55.0,knn,arterial,False,1.0,55.580666666666666,0.0707116105554303
112,9,47,3.0695557597015224,0.05581010472184586,1200.0,0.15,4.0,55.0,knn,arterial,False,1.0,103.66866666666667,0.055810571025870545
113,47,9,3.0695557597015224,0.05581010472184586,1200.0,0.15,4.0,55.0,knn,arterial,False,1.0,69.04866666666666,0.05581019649175448
114,9,65,3.1407902773238665,0.05710527776952484,1200.0,0.15,4.0,55.0,knn,arterial,False,1.0,139.6028333333333,0.05710684675691758
115,65,9,3.1407902773238665,0.05710527776952484,1200.0,0.15,4.0,55.0,knn,arterial,False,1.0,112.87450000000001,0.057105948311364084
116,9,40,4.7374857934859,0.08613610533610727,1200.0,0.15,4.0,55.0,knn,arterial,False,1.0,154.465,0.0861396524232739
117,40,9,4.7374857934859,0.08613610533610727,1200.0,0.15,4.0,55.0,knn,arterial,False,1.0,185.61933333333332,0.08614350214401101
118,10,32,2.61068493238036,0.047466998770552,1200.0,0.15,4.0,55.0,knn,arterial,False,1.0,51.843333333333334,0.04746702357500859
119,32,10,2.61068493238036,0.047466998770552,1200.0,0.15,4.0,55.0,knn,arterial,False,1.0,136.75408333333334,0.047468199704880164
120,10,50,3.058329563220429,0.05560599205855325,1200.0,0.15,4.0,55.0,knn,arterial,False,1.0,461.33399999999995,0.055788192623890426
121,50,10,3.058329563220429,0.05560599205855325,1200.0,0.15,4.0,55.0,knn,arterial,False,1.0,209.30533333333332,0.05561371191185002
122,10,76,3.0795682417369576,0.05599214984976287,1200.0,0.15,4.0,55.0,knn,arterial,False,1.0,10.416,0.055992149897438594
123,76,10,3.0795682417369576,0.05599214984976287,1200.0,0.15,4.0,55.0,knn,arterial,False,1.0,23.628,0.055992151112175315
124,10,46,2.9737855300055998,0.054068827818283635,1200.0,0.15,4.0,55.0,knn,arterial,False,1.0,198.68041666666664,0.05407492225368055
125,46,10,2.9737855300055998,0.054068827818283635,1200.0,0.15,4.0,55.0,knn,arterial,False,1.0,88.03033333333333,0.05406906269643208
126,10,33,3.0314020346904846,0.055116400630736084,1200.0,0.15,4.0,55.0,knn,arterial,False,1.0,33.451,0.05511640562283917
127,33,10,3.0314020346904846,0.055116400630736084,1200.0,0.15,4.0,55.0,knn,arterial,False,1.0,33.451,0.05511640562283917
128,10,38,3.96000432477405,0.07200007863225545,1200.0,0.15,4.0,55.0,knn,arterial,False,1.0,88.66499999999999,0.0720004005227256
129,38,10,3.96000432477405,0.07200007863225545,1200.0,0.15,4.0,55.0,knn,arterial,False,1.0,182.122,0.07200580855662053
130,10,43,3.1190625313317994,0.056710227842396356,1200.0,0.15,4.0,55.0,knn,arterial,False,1.0,96.44666666666667,0.05671058280005957
131,43,10,3.1190625313317994,0.056710227842396356,1200.0,0.15,4.0,55.0,knn,arterial,False,1.0,176.747,0.05671423130587733
132,10,67,4.257113342295726,0.07740206076901321,1200.0,0.15,4.0,55.0,knn,arterial,False,1.0,74.618,0.07740223434642807
133,67,10,4.257113342295726,0.07740206076901321,1200.0,0.15,4.0,55.0,knn,arterial,False,1.0,205.05266666666668,0.07741195952194778
134,11,68,2.8318399943194725,0.051487999896717686,1200.0,0.15,4.0,55.0,knn,arterial,False,1.0,45.095666666666666,0.051488015299938565
135,68,11,2.8318399943194725,0.051487999896717686,1200.0,0.15,4.0,55.0,knn,arterial,False,1.0,45.095666666666666,0.051488015299938565
136,11,51,4.18255877676284,0.07604652321386982,1200.0,0.15,4.0,55.0,knn,arterial,False,1.0,0.0,0.07604652321386982
137,51,11,4.18255877676284,0.07604652321386982,1200.0,0.15,4.0,55.0,knn,arterial,False,1.0,0.0,0.07604652321386982
138,11,27,6.606393102463487,0.12011623822660886,1200.0,0.15,4.0,55.0,knn,arterial,False,1.0,20.974666666666664,0.12011623990830786
139,27,11,6.606393102463487,0.12011623822660886,1200.0,0.15,4.0,55.0,knn,arterial,False,1.0,20.974666666666664,0.12011623990830786
140,12,64,0.9309941025870384,0.02327485256467596,600.0,0.15,4.0,40.0,knn,local,False,1.0,423.54100000000005,0.024141724667195847
141,64,12,0.9309941025870384,0.02327485256467596,600.0,0.15,4.0,40.0,knn,local,False,1.0,588.8683333333333,0.026514113983410078
142,12,54,1.4728108184333757,0.036820270460834394,600.0,0.15,4.0,40.0,knn,local,False,1.0,211.017,0.036904767795403144
143,54,12,1.4728108184333757,0.036820270460834394,600.0,0.15,4.0,40.0,knn,local,False,1.0,211.017,0.036904767795403144
144,12,77,3.005002453855687,0.05463640825192158,1200.0,0.15,4.0,55.0,knn,arterial,False,1.0,511.77816666666666,0.05490753691535003
145,77,12,3.005002453855687,0.05463640825192158,1200.0,0.15,4.0,55.0,knn,arterial,False,1.0,738.8085833333333,0.05581394954546892
146,12,39,3.465705797884034,0.06301283268880062,1200.0,0.15,4.0,55.0,knn,arterial,False,1.0,311.4443333333333,0.06305571883401451
147,39,12,3.465705797884034,0.06301283268880062,1200.0,0.15,4.0,55.0,knn,arterial,False,1.0,489.1333333333333,0.06327375085548738
148,12,30,3.653095447389636,0.0664199172252661,1200.0,0.15,4.0,55.0,knn,arterial,False,1.0,508.08025000000004,0.0667400969733582
149,30,12,3.653095447389636,0.0664199172252661,1200.0,0.15,4.0,55.0,knn,arterial,False,1.0,377.3551666666667,0.0665173411917804
150,12,60,4.405962807629601,0.08010841468417457,1200.0,0.15,4.0,55.0,knn,arterial,False,1.0,176.77100000000002,0.08011407301697267
151,60,12,4.405962807629601,0.08010841468417457,1200.0,0.15,4.0,55.0,knn,arterial,False,1.0,172.71033333333332,0.0801135707410775
152,13,63,1.9011047083315968,0.04752761770828992,600.0,0.15,4.0,40.0,knn,local,False,1.0,590.3066666666665,0.05420710388721088
153,63,13,1.9011047083315968,0.04752761770828992,600.0,0.15,4.0,40.0,knn,local,False,1.0,510.5806666666666,0.05126605213881312
154,13,45,1.7452144153547504,0.04363036038386876,600.0,0.15,4.0,40.0,knn,local,False,1.0,100.47166666666666,0.04363550614336383
155,45,13,1.7452144153547504,0.04363036038386876,600.0,0.15,4.0,40.0,knn,local,False,1.0,100.47166666666666,0.04363550614336383
156,13,52,4.0700259034528194,0.07400047097186944,1200.0,0.15,4.0,55.0,knn,arterial,False,1.0,280.928,0.07403381214433494
157,52,13,4.0700259034528194,0.07400047097186944,1200.0,0.15,4.0,55.0,knn,arterial,False,1.0,531.116,0.0744264206535499
158,13,44,4.195360944132112,0.07627928989331113,1200.0,0.15,4.0,55.0,knn,arterial,False,1.0,301.8793333333333,0.07632511531237661
159,44,13,4.195360944132112,0.07627928989331113,1200.0,0.15,4.0,55.0,knn,arterial,False,1.0,286.64733333333334,0.07631654317530817
160,13,41,4.880497196516827,0.0887363126639423,1200.0,0.15,4.0,55.0,knn,arterial,False,1.0,21.808,0.08873631411582325
161,41,13,4.880497196516827,0.0887363126639423,1200.0,0.15,4.0,55.0,knn,arterial,False,1.0,21.808,0.08873631411582325
162,14,47,2.2592410920418087,0.05648102730104522,600.0,0.15,4.0,40.0,knn,local,False,1.0,314.5468333333333,0.05712095382900637
163,47,14,2.2592410920418087,0.05648102730104522,600.0,0.15,4.0,40.0,knn,local,False,1.0,266.5695,0.056811116013979174
164,14,26,3.192687070755355,0.05804885583191555,1200.0,0.15,4.0,55.0,knn,arterial,False,1.0,359.59499999999997,0.05811906834481281
165,26,14,3.192687070755355,0.05804885583191555,1200.0,0.15,4.0,55.0,knn,arterial,False,1.0,288.3485833333333,0.058077884775214174
166,14,65,3.743269054548448,0.06805943735542633,1200.0,0.15,4.0,55.0,knn,arterial,False,1.0,339.894,0.06812514692498864
167,65,14,3.743269054548448,0.06805943735542633,1200.0,0.15,4.0,55.0,knn,arterial,False,1.0,178.237,0.0680644060932785
168,14,34,2.042542145354568,0.0510635536338642,600.0,0.15,4.0,40.0,knn,local,False,1.0,545.076,0.056280610054701884
169,34,14,2.042542145354568,0.0510635536338642,600.0,0.15,4.0,40.0,knn,local,False,1.0,302.61099999999993,0.051559159154549845
170,14,46,3.3391358276011216,0.060711560501838575,1200.0,0.15,4.0,55.0,knn,arterial,False,1.0,922.5390833333335,0.0638926564401755
171,46,14,3.3391358276011216,0.060711560501838575,1200.0,0.15,4.0,55.0,knn,arterial,False,1.0,1279.8755,0.0724959902967999
172,14,33,4.66979564470209,0.0849053753582198,1200.0,0.15,4.0,55.0,knn,arterial,False,1.0,113.22699999999999,0.08490638484692402
173,33,14,4.66979564470209,0.0849053753582198,1200.0,0.15,4.0,55.0,knn,arterial,False,1.0,279.23633333333333,0.08494271663537177
174,15,35,5.309442458572996,0.09653531742859993,1200.0,0.15,4.0,55.0,knn,arterial,False,1.0,19.101666666666667,0.09653531835828863
175,35,15,5.309442458572996,0.09653531742859993,1200.0,0.15,4.0,55.0,knn,arterial,False,1.0,15.377666666666666,0.09653531781909386
176,15,75,3.26956935931906,0.05944671562398291,1200.0,0.15,4.0,55.0,knn,arterial,False,1.0,87.011,0.05944696210914451
177,75,15,3.26956935931906,0.05944671562398291,1200.0,0.15,4.0,55.0,knn,arterial,False,1.0,87.011,0.05944696210914451
178,15,25,4.569720987065219,0.08308583612845853,1200.0,0.15,4.0,55.0,knn,arterial,False,1.0,40.04833333333334,0.08308585158922634
179,25,15,4.569720987065219,0.08308583612845853,1200.0,0.15,4.0,55.0,knn,arterial,False,1.0,36.324333333333335,0.08308584659212478
180,15,73,4.293751357646036,0.0780682065026552,1200.0,0.15,4.0,55.0,knn,arterial,False,1.0,155.09633333333338,0.07807147423592502
181,73,15,4.293751357646036,0.0780682065026552,1200.0,0.15,4.0,55.0,knn,arterial,False,1.0,115.12733333333334,0.07806919859993389
182,15,70,8.111653963030154,0.14748461750963915,1200.0,0.15,4.0,55.0,knn,arterial,False,1.0,15.377666666666666,0.1474846181062275
183,70,15,8.111653963030154,0.14748461750963915,1200.0,0.15,4.0,55.0,knn,arterial,False,1.0,15.377666666666666,0.1474846181062275
184,16,57,0.24587858560248813,0.006146964640062203,600.0,0.15,4.0,40.0,knn,local,False,1.0,592.8299999999999,0.007025719346291592
185,57,16,0.24587858560248813,0.006146964640062203,600.0,0.15,4.0,40.0,knn,local,False,1.0,408.263,0.0063446193021500915
186,16,66,1.928265788621333,0.04820664471553333,600.0,0.15,4.0,40.0,knn,local,False,1.0,225.901,0.04835194476961195
187,66,16,1.928265788621333,0.04820664471553333,600.0,0.15,4.0,40.0,knn,local,False,1.0,194.47466666666665,0.04828645250932552
188,16,61,3.3071972498476097,0.06013085908813836,1200.0,0.15,4.0,55.0,knn,arterial,False,1.0,296.1286666666667,0.060164308269118116
189,61,16,3.3071972498476097,0.06013085908813836,1200.0,0.15,4.0,55.0,knn,arterial,False,1.0,297.40666666666664,0.06016488944326716
190,16,78,5.5317398981143135,0.10057708905662388,1200.0,0.15,4.0,55.0,knn,arterial,False,1.0,214.0896666666667,0.10059237344838348
191,78,16,5.5317398981143135,0.10057708905662388,1200.0,0.15,4.0,55.0,knn,arterial,False,1.0,428.805,0.10082307183337876
192,16,62,9.063213449963625,0.16478569909024773,1200.0,0.15,4.0,55.0,knn,arterial,False,1.0,0.0,0.16478569909024773
193,62,16,9.063213449963625,0.16478569909024773,1200.0,0.15,4.0,55.0,knn,arterial,False,1.0,0.0,0.16478569909024773
194,17,42,2.389791926948522,0.05974479817371305,210.0,0.15,4.0,40.0,knn,local,True,3.0,87.59066666666666,0.0600160330337741
195,42,17,2.389791926948522,0.05974479817371305,210.0,0.15,4.0,40.0,knn,local,True,3.0,83.15299999999999,0.059965103941691196
196,17,72,2.472583886686292,0.0618145971671573,210.0,0.15,4.0,40.0,knn,local,True,3.0,14.204,0.061814791232408184
197,72,17,2.472583886686292,0.0618145971671573,210.0,0.15,4.0,40.0,knn,local,True,3.0,14.204,0.061814791232408184
198,17,55,2.497506291459137,0.06243765728647842,210.0,0.15,4.0,40.0,knn,local,True,3.0,92.8135,0.06279501674439583
199,55,17,2.497506291459137,0.06243765728647842,210.0,0.15,4.0,40.0,knn,local,True,3.0,200.36083333333335,0.07019855566867829
200,17,18,3.178271370034319,0.05778675218244216,420.0,0.15,4.0,55.0,knn,arterial,True,3.0,59.062666666666665,0.05779014198645322
201,18,17,3.178271370034319,0.05778675218244216,420.0,0.15,4.0,55.0,knn,arterial,True,3.0,59.062666666666665,0.05779014198645322
202,17,31,3.069966256036049,0.05581756829156452,420.0,0.15,4.0,55.0,knn,arterial,True,3.0,94.38166666666667,0.05583891916168196
203,31,17,3.069966256036049,0.05581756829156452,420.0,0.15,4.0,55.0,knn,arterial,True,3.0,94.38166666666666,0.05583891916168196
204,17,74,2.8779045445945126,0.052325537174445685,420.0,0.15,4.0,55.0,knn,arterial,True,3.0,92.32066666666667,0.05234386046721393
205,74,17,2.8779045445945126,0.052325537174445685,420.0,0.15,4.0,55.0,knn,arterial,True,3.0,131.98399999999998,0.05240207796402542
206,18,31,0.18517361285868306,0.004629340321467076,210.0,0.15,4.0,40.0,knn,local,True,3.0,514.0153333333334,0.02955447344053202
207,31,18,0.18517361285868306,0.004629340321467076,210.0,0.15,4.0,40.0,knn,local,True,3.0,607.2816666666668,0.05319103902886216
208,18,72,2.2507917582331256,0.05626979395582814,210.0,0.15,4.0,40.0,knn,local,True,3.0,45.69166666666667,0.05628871030858959
209,72,18,2.2507917582331256,0.05626979395582814,210.0,0.15,4.0,40.0,knn,local,True,3.0,45.69166666666667,0.05628871030858959
210,18,42,3.3608010787633535,0.0611054741593337,420.0,0.15,4.0,55.0,knn,arterial,True,3.0,202.36,0.06159941268243892
211,42,18,3.3608010787633535,0.0611054741593337,420.0,0.15,4.0,55.0,knn,arterial,True,3.0,158.3006666666667,0.061290445818150435
212,18,48,4.502013771796027,0.08185479585083685,420.0,0.15,4.0,55.0,knn,arterial,True,3.0,106.15466666666666,0.08190490241119394
213,48,18,4.502013771796027,0.08185479585083685,420.0,0.15,4.0,55.0,knn,arterial,True,3.0,117.47666666666666,0.08192994856810502
214,18,69,3.458529701733642,0.06288235821333894,420.0,0.15,4.0,55.0,knn,arterial,True,3.0,369.3193333333334,0.068521734703162
215,69,18,3.458529701733642,0.06288235821333894,420.0,0.15,4.0,55.0,knn,arterial,True,3.0,432.1640000000001,0.07345582155767534
216,19,54,3.422419028426808,0.06222580051685106,1200.0,0.15,4.0,55.0,knn,arterial,False,1.0,367.48199999999997,0.06230788877731046
217,54,19,3.422419028426808,0.06222580051685106,1200.0,0.15,4.0,55.0,knn,arterial,False,1.0,384.98066666666665,0.06232467687186873
218,19,64,3.791578288244652,0.06893778705899367,1200.0,0.15,4.0,55.0,knn,arterial,False,1.0,236.976,0.06895351388461797
219,64,19,3.791578288244652,0.06893778705899367,1200.0,0.15,4.0,55.0,knn,arterial,False,1.0,220.49133333333333,0.06894957369054741
220,19,77,3.489061186436827,0.06343747611703321,1200.0,0.15,4.0,55.0,knn,arterial,False,1.0,249.39266666666663,0.06345522810059062
221,77,19,3.489061186436827,0.06343747611703321,1200.0,0.15,4.0,55.0,knn,arterial,False,1.0,226.04866666666663,0.06344945785919986
222,19,29,4.26841673479197,0.07760757699621763,1200.0,0.15,4.0,55.0,knn,arterial,False,1.0,34.044666666666664,0.07760758453787409
223,29,19,4.26841673479197,0.07760757699621763,1200.0,0.15,4.0,55.0,knn,arterial,False,1.0,39.54666666666667,0.07760759072746316
224,20,79,5.121556806743495,0.09311921466806354,1200.0,0.15,4.0,55.0,knn,arterial,False,1.0,399.0896666666667,0.09329009320296873
225,79,20,5.121556806743495,0.09311921466806354,1200.0,0.15,4.0,55.0,knn,arterial,False,1.0,245.10433333333333,0.09314352604390284
226,20,24,3.7151185254186614,0.06754760955306657,1200.0,0.15,4.0,55.0,knn,arterial,False,1.0,275.4106666666667,0.06757572204120359
227,24,20,3.7151185254186614,0.06754760955306657,1200.0,0.15,4.0,55.0,knn,arterial,False,1.0,236.008,0.06756276899303267
228,21,67,6.174549737953598,0.11226454069006542,1200.0,0.15,4.0,55.0,knn,arterial,False,1.0,0.0,0.11226454069006542
229,67,21,6.174549737953598,0.11226454069006542,1200.0,0.15,4.0,55.0,knn,arterial,False,1.0,0.0,0.11226454069006542
230,21,33,6.514964649138105,0.11845390271160192,1200.0,0.15,4.0,55.0,knn,arterial,False,1.0,0.0,0.11845390271160192
231,33,21,6.514964649138105,0.11845390271160192,1200.0,0.15,4.0,55.0,knn,arterial,False,1.0,0.0,0.11845390271160192
232,21,43,7.142777784817519,0.12986868699668216,1200.0,0.15,4.0,55.0,knn,arterial,False,1.0,0.0,0.12986868699668216
233,43,21,7.142777784817519,0.12986868699668216,1200.0,0.15,4.0,55.0,knn,arterial,False,1.0,0.0,0.12986868699668216
234,21,46,7.737354892850496,0.14067917987000902,1200.0,0.15,4.0,55.0,knn,arterial,False,1.0,0.0,0.14067917987000902
235,46,21,7.737354892850496,0.14067917987000902,1200.0,0.15,4.0,55.0,knn,arterial,False,1.0,0.0,0.14067917987000902
236,21,71,8.600711486458836,0.15637657248106976,1200.0,0.15,4.0,55.0,knn,arterial,False,1.0,0.0,0.15637657248106976
237,71,21,8.600711486458836,0.15637657248106976,1200.0,0.15,4.0,55.0,knn,arterial,False,1.0,0.0,0.15637657248106976
238,22,69,4.6897081147866055,0.08526742026884737,1200.0,0.15,4.0,55.0,knn,arterial,False,1.0,860.4590833333334,0.08864861585010507
239,69,22,4.6897081147866055,0.08526742026884737,1200.0,0.15,4.0,55.0,knn,arterial,False,1.0,725.6643333333334,0.08697779987731982
240,22,44,3.5102480612337645,0.06382269202243208,1200.0,0.15,4.0,55.0,knn,arterial,False,1.0,511.19475,0.06413796513420107
241,44,22,3.5102480612337645,0.06382269202243208,1200.0,0.15,4.0,55.0,knn,arterial,False,1.0,574.33275,0.0643250296614013
242,22,41,5.368121624922773,0.09760221136223222,1200.0,0.15,4.0,55.0,knn,arterial,False,1.0,76.863,0.09760245779318555
243,41,22,5.368121624922773,0.09760221136223222,1200.0,0.15,4.0,55.0,knn,arterial,False,1.0,36.71766666666667,0.09760222419517424
244,22,68,5.422004885830109,0.0985819070150929,1200.0,0.15,4.0,55.0,knn,arterial,False,1.0,260.88733333333334,0.09861494210282534
245,68,22,5.422004885830109,0.0985819070150929,1200.0,0.15,4.0,55.0,knn,arterial,False,1.0,427.1143333333333,0.09881923014853033
246,23,41,12.801236556887847,0.23274975557977903,1200.0,0.15,4.0,55.0,knn,arterial,False,1.0,0.0,0.23274975557977903
247,41,23,12.801236556887847,0.23274975557977903,1200.0,0.15,4.0,55.0,knn,arterial,False,1.0,0.0,0.23274975557977903
248,23,51,13.988418815049288,0.2543348875463507,1200.0,0.15,4.0,55.0,knn,arterial,False,1.0,0.0,0.2543348875463507
249,51,23,13.988418815049288,0.2543348875463507,1200.0,0.15,4.0,55.0,knn,arterial,False,1.0,0.0,0.2543348875463507
250,24,52,4.540569279445613,0.08255580508082933,1200.0,0.15,4.0,55.0,knn,arterial,False,1.0,381.3113333333333,0.08268205547598304
251,52,24,4.540569279445613,0.08255580508082933,1200.0,0.15,4.0,55.0,knn,arterial,False,1.0,182.905,0.08256248876935961
252,24,75,37.7363149498747,0.5805586915365339,525.0,0.15,4.0,65.0,shortcut,shortcut,True,3.0,0.0,0.5805586915365339
253,75,24,37.7363149498747,0.5805586915365339,525.0,0.15,4.0,65.0,shortcut,shortcut,True,3.0,0.0,0.5805586915365339
254,25,49,5.123888878960269,0.0931616159810958,1200.0,0.15,4.0,55.0,knn,arterial,False,1.0,3.724,0.09316161598239191
255,49,25,5.123888878960269,0.0931616159810958,1200.0,0.15,4.0,55.0,knn,arterial,False,1.0,0.0,0.0931616159810958
256,25,35,2.1335523590048266,0.053338808975120666,600.0,0.15,4.0,40.0,knn,local,False,1.0,15.377666666666666,0.053338812427284055
257,35,25,2.1335523590048266,0.053338808975120666,600.0,0.15,4.0,40.0,knn,local,False,1.0,15.377666666666666,0.053338812427284055
258,25,70,6.705463651404541,0.12191752093462802,1200.0,0.15,4.0,55.0,knn,arterial,False,1.0,0.0,0.12191752093462802
259,70,25,6.705463651404541,0.12191752093462802,1200.0,0.15,4.0,55.0,knn,arterial,False,1.0,0.0,0.12191752093462802
260,25,75,7.645021642830519,0.13900039350600943,1200.0,0.15,4.0,55.0,knn,arterial,False,1.0,29.728,0.1390004013591808
261,75,25,7.645021642830519,0.13900039350600943,1200.0,0.15,4.0,55.0,knn,arterial,False,1.0,29.728,0.1390004013591808
262,26,47,1.9409015950570396,0.04852253987642599,600.0,0.15,4.0,40.0,knn,local,False,1.0,57.361333333333334,0.048523147880842554
263,47,26,1.9409015950570396,0.04852253987642599,600.0,0.15,4.0,40.0,knn,local,False,1.0,57.361333333333334,0.048523147880842554
264,26,65,2.073208024754222,0.05183020061885555,600.0,0.15,4.0,40.0,knn,local,False,1.0,159.76633333333334,0.05186928562819452
265,65,26,2.073208024754222,0.05183020061885555,600.0,0.15,4.0,40.0,knn,local,False,1.0,126.32366666666667,0.05184547656221404
266,26,34,2.787135996541456,0.05067519993711739,1200.0,0.15,4.0,55.0,knn,arterial,False,1.0,152.86366666666666,0.050677201544232164
267,34,26,2.787135996541456,0.05067519993711739,1200.0,0.15,4.0,55.0,knn,arterial,False,1.0,127.53266666666667,0.05067616965969828
268,26,40,5.858991512642641,0.10652711841168439,1200.0,0.15,4.0,55.0,knn,arterial,False,1.0,131.07299999999998,0.106529392877495
269,40,26,5.858991512642641,0.10652711841168439,1200.0,0.15,4.0,55.0,knn,arterial,False,1.0,168.30283333333335,0.10653330131084303
270,27,59,4.7022268957312106,0.0854950344678402,1200.0,0.15,4.0,55.0,knn,arterial,False,1.0,200.75691666666665,0.0855050803767131
271,59,27,4.7022268957312106,0.0854950344678402,1200.0,0.15,4.0,55.0,knn,arterial,False,1.0,99.26225,0.08549563487191011
272,27,28,3.073809230221697,0.0558874405494854,1200.0,0.15,4.0,55.0,knn,arterial,False,1.0,233.7264166666667,0.05589950511535801
273,28,27,3.073809230221697,0.0558874405494854,1200.0,0.15,4.0,55.0,knn,arterial,False,1.0,175.37466666666666,0.055891264814056214
274,27,69,4.381425910888184,0.07966228928887607,1200.0,0.15,4.0,55.0,knn,arterial,False,1.0,392.73024999999996,0.07979937635241935
275,69,27,4.381425910888184,0.07966228928887607,1200.0,0.15,4.0,55.0,knn,arterial,False,1.0,330.60866666666664,0.07973113485793114
276,27,68,4.823269155390392,0.08769580282527985,1200.0,0.15,4.0,55.0,knn,arterial,False,1.0,242.64966666666666,0.0877177947823638
277,68,27,4.823269155390392,0.08769580282527985,1200.0,0.15,4.0,55.0,knn,arterial,False,1.0,530.8386666666668,0.08819952988549931
278,27,74,6.403611617492714,0.11642930213623115,420.0,0.15,4.0,55.0,knn,arterial,True,3.0,140.68133333333333,0.11664913989859606
279,74,27,6.403611617492714,0.11642930213623115,420.0,0.15,4.0,55.0,knn,arterial,True,3.0,70.68533333333333,0.11644331328141447
280,27,51,10.490529334699412,0.19073689699453475,1200.0,0.15,4.0,55.0,knn,arterial,False,1.0,0.0,0.19073689699453475
281,51,27,10.490529334699412,0.19073689699453475,1200.0,0.15,4.0,55.0,knn,arterial,False,1.0,0.0,0.19073689699453475
282,28,59,3.3235284611987477,0.06042779020361359,420.0,0.15,4.0,55.0,knn,arterial,True,3.0,0.0,0.06042779020361359
283,59,28,3.3235284611987477,0.06042779020361359,420.0,0.15,4.0,55.0,knn,arterial,True,3.0,0.0,0.06042779020361359
284,28,74,4.719988160335938,0.08581796655156251,420.0,0.15,4.0,55.0,knn,arterial,True,3.0,44.076,0.0858195278323475
285,74,28,4.719988160335938,0.08581796655156251,420.0,0.15,4.0,55.0,knn,arterial,True,3.0,44.07599999999999,0.0858195278323475
286,28,72,5.390198841865636,0.09800361530664792,420.0,0.15,4.0,55.0,knn,arterial,True,3.0,0.0,0.09800361530664792
287,72,28,5.390198841865636,0.09800361530664792,420.0,0.15,4.0,55.0,knn,arterial,True,3.0,0.0,0.09800361530664792
288,28,32,5.418853100949386,0.09852460183544338,1200.0,0.15,4.0,55.0,knn,arterial,False,1.0,189.65041666666667,0.09853382173453924
289,32,28,5.418853100949386,0.09852460183544338,1200.0,0.15,4.0,55.0,knn,arterial,False,1.0,115.37766666666667,0.0985258648197972
290,28,49,6.403141589125888,0.11642075616592525,1200.0,0.15,4.0,55.0,knn,arterial,False,1.0,0.0,0.11642075616592525
291,49,28,6.403141589125888,0.11642075616592525,1200.0,0.15,4.0,55.0,knn,arterial,False,1.0,15.921000000000001,0.11642075670702591
292,29,39,3.7840501627053573,0.06880091204918831,1200.0,0.15,4.0,55.0,knn,arterial,False,1.0,153.29666666666668,0.06880366052118451
293,39,29,3.7840501627053573,0.06880091204918831,1200.0,0.15,4.0,55.0,knn,arterial,False,1.0,153.29666666666668,0.06880366052118451
294,29,64,5.362043515084591,0.09749170027426529,1200.0,0.15,4.0,55.0,knn,arterial,False,1.0,135.39300000000003,0.09749407011284231
295,64,29,5.362043515084591,0.09749170027426529,1200.0,0.15,4.0,55.0,knn,arterial,False,1.0,93.87766666666667,0.0974922480251228
296,29,54,4.824592736377637,0.08771986793413886,1200.0,0.15,4.0,55.0,knn,arterial,False,1.0,124.50266666666668,0.08772139261468129
297,54,29,4.824592736377637,0.08771986793413886,1200.0,0.15,4.0,55.0,knn,arterial,False,1.0,100.994,0.08772052809008196
298,30,60,1.3343241419294893,0.03335810354823723,600.0,0.15,4.0,40.0,knn,local,False,1.0,65.39633333333333,0.03335880970513431
299,60,30,1.3343241419294893,0.03335810354823723,600.0,0.15,4.0,40.0,knn,local,False,1.0,65.39633333333333,0.03335880970513431
300,30,53,2.342590009008247,0.05856475022520617,600.0,0.15,4.0,40.0,knn,local,False,1.0,499.63425000000007,0.06278882268611721
301,53,30,2.342590009008247,0.05856475022520617,600.0,0.15,4.0,40.0,knn,local,False,1.0,277.58816666666667,0.05896721358397461
302,30,64,4.189136807075468,0.07616612376500852,1200.0,0.15,4.0,55.0,knn,arterial,False,1.0,140.74733333333333,0.07616828592999374
303,64,30,4.189136807075468,0.07616612376500852,1200.0,0.15,4.0,55.0,knn,arterial,False,1.0,237.83800000000002,0.07618375379721805
304,30,63,4.250790926604253,0.07728710775644097,1200.0,0.15,4.0,55.0,knn,arterial,False,1.0,117.55433333333333,0.07728817540397628
305,63,30,4.250790926604253,0.07728710775644097,1200.0,0.15,4.0,55.0,knn,arterial,False,1.0,127.58066666666667,0.07728858895335683
306,31,72,2.0657533163466386,0.05164383290866596,210.0,0.15,4.0,40.0,knn,local,True,3.0,45.69166666666667,0.05166119414091111
307,72,31,2.0657533163466386,0.05164383290866596,210.0,0.15,4.0,40.0,knn,local,True,3.0,45.69166666666667,0.05166119414091111
308,31,74,3.2857050776793733,0.05974009232144315,420.0,0.15,4.0,55.0,knn,arterial,True,3.0,155.33666666666667,0.05990776253321554
309,74,31,3.2857050776793733,0.05974009232144315,420.0,0.15,4.0,55.0,knn,arterial,True,3.0,253.96533333333335,0.06093809487024167
310,31,69,3.4472277622652308,0.06267686840482238,420.0,0.15,4.0,55.0,knn,arterial,True,3.0,378.10766666666666,0.06885224319023957
311,69,31,3.4472277622652308,0.06267686840482238,420.0,0.15,4.0,55.0,knn,arterial,True,3.0,415.21933333333334,0.07165759869697884
312,32,38,4.56163189651993,0.08293876175490782,1200.0,0.15,4.0,55.0,knn,arterial,False,1.0,54.75433333333333,0.08293881568085776
313,38,32,4.56163189651993,0.08293876175490782,1200.0,0.15,4.0,55.0,knn,arterial,False,1.0,279.49699999999996,0.08297537451121367
314,32,76,1.2628306720044167,0.031570766800110416,600.0,0.15,4.0,40.0,knn,local,False,1.0,43.81766666666667,0.03157090150035266
315,76,32,1.2628306720044167,0.031570766800110416,600.0,0.15,4.0,40.0,knn,local,False,1.0,25.074333333333332,0.03157078124415991
316,32,55,4.230926554314506,0.07692593735117283,420.0,0.15,4.0,55.0,knn,arterial,True,3.0,225.046,0.07787709408493795
317,55,32,4.230926554314506,0.07692593735117283,420.0,0.15,4.0,55.0,knn,arterial,True,3.0,29.684666666666665,0.07692622528692973
318,32,50,3.057478977429823,0.05559052686236042,420.0,0.15,4.0,55.0,knn,arterial,True,3.0,11.69,0.05559053186677099
319,50,32,3.057478977429823,0.05559052686236042,420.0,0.15,4.0,55.0,knn,arterial,True,3.0,11.69,0.05559053186677099
320,33,43,3.2454229154369227,0.059007689371580414,1200.0,0.15,4.0,55.0,knn,arterial,False,1.0,63.981333333333325,0.0590077609015481
321,43,33,3.2454229154369227,0.059007689371580414,1200.0,0.15,4.0,55.0,knn,arterial,False,1.0,99.62100000000001,0.05900810978684023
322,33,67,3.6481658472177143,0.06633028813123117,1200.0,0.15,4.0,55.0,knn,arterial,False,1.0,133.67666666666665,0.06633182027877345
323,67,33,3.6481658472177143,0.06633028813123117,1200.0,0.15,4.0,55.0,knn,arterial,False,1.0,343.10200000000003,0.06639678040085403
324,33,46,1.5169601422521861,0.03792400355630465,600.0,0.15,4.0,40.0,knn,local,False,1.0,157.90833333333333,0.037951294630812024
325,46,33,1.5169601422521861,0.03792400355630465,600.0,0.15,4.0,40.0,knn,local,False,1.0,78.85266666666666,0.037925700494309475
326,34,65,2.107360881074889,0.052684022026872224,210.0,0.15,4.0,40.0,knn,local,True,3.0,36.727,0.052691415267181546
327,65,34,2.107360881074889,0.052684022026872224,210.0,0.15,4.0,40.0,knn,local,True,3.0,36.727000000000004,0.052691415267181546
328,34,47,0.8719426245600662,0.021798565614001654,210.0,0.15,4.0,40.0,knn,local,True,3.0,174.76999999999998,0.0233671559760326
329,47,34,0.8719426245600662,0.021798565614001654,210.0,0.15,4.0,40.0,knn,local,True,3.0,161.715,0.022948420983702436
330,35,70,4.603546978582231,0.08370085415604056,1200.0,0.15,4.0,55.0,knn,arterial,False,1.0,0.0,0.08370085415604056
331,70,35,4.603546978582231,0.08370085415604056,1200.0,0.15,4.0,55.0,knn,arterial,False,1.0,0.0,0.08370085415604056
332,35,49,6.142829228974111,0.11168780416316565,1200.0,0.15,4.0,55.0,knn,arterial,False,1.0,6.548333333333334,0.11168780417802142
333,49,35,6.142829228974111,0.11168780416316565,1200.0,0.15,4.0,55.0,knn,arterial,False,1.0,0.0,0.11168780416316565
334,35,36,9.236458175200164,0.16793560318545753,1200.0,0.15,4.0,55.0,knn,arterial,False,1.0,30.755333333333333,0.167935614054488
335,36,35,9.236458175200164,0.16793560318545753,1200.0,0.15,4.0,55.0,knn,arterial,False,1.0,33.57966666666667,0.16793561863140583
336,35,58,8.326588022668895,0.15139250950307082,1200.0,0.15,4.0,55.0,knn,arterial,False,1.0,0.0,0.15139250950307082
337,58,35,8.326588022668895,0.15139250950307082,1200.0,0.15,4.0,55.0,knn,arterial,False,1.0,0.0,0.15139250950307082
338,36,70,7.487354792935569,0.13613372350791944,1200.0,0.15,4.0,55.0,knn,arterial,False,1.0,15.377666666666666,0.13613372405859242
339,70,36,7.487354792935569,0.13613372350791944,1200.0,0.15,4.0,55.0,knn,arterial,False,1.0,15.377666666666666,0.13613372405859242
340,36,58,4.032502734252157,0.0733182315318574,1200.0,0.15,4.0,55.0,knn,arterial,False,1.0,7.125333333333334,0.07331823154552837
341,58,36,4.032502734252157,0.0733182315318574,1200.0,0.15,4.0,55.0,knn,arterial,False,1.0,0.0,0.0733182315318574
342,36,49,10.733046581630218,0.19514630148418577,1200.0,0.15,4.0,55.0,knn,arterial,False,1.0,11.426333333333334,0.19514630172481823
343,49,36,10.733046581630218,0.19514630148418577,1200.0,0.15,4.0,55.0,knn,arterial,False,1.0,0.0,0.19514630148418577
344,37,56,7.809972942376642,0.14199950804321168,1200.0,0.15,4.0,55.0,knn,arterial,False,1.0,42.71300000000001,0.14199954223276426
345,56,37,7.809972942376642,0.14199950804321168,1200.0,0.15,4.0,55.0,knn,arterial,False,1.0,42.713,0.14199954223276426
346,37,40,6.543091210459283,0.11896529473562334,1200.0,0.15,4.0,55.0,knn,arterial,False,1.0,42.713,0.11896532337917469
347,40,37,6.543091210459283,0.11896529473562334,1200.0,0.15,4.0,55.0,knn,arterial,False,1.0,42.71300000000001,0.11896532337917469
348,37,71,5.767878267476861,0.10487051395412474,1200.0,0.15,4.0,55.0,knn,arterial,False,1.0,0.0,0.10487051395412474
349,71,37,5.767878267476861,0.10487051395412474,1200.0,0.15,4.0,55.0,knn,arterial,False,1.0,0.0,0.10487051395412474
350,38,43,2.5145091594552276,0.04571834835373141,1200.0,0.15,4.0,55.0,knn,arterial,False,1.0,178.52966666666666,0.04572170803736513
351,43,38,2.5145091594552276,0.04571834835373141,1200.0,0.15,4.0,55.0,knn,arterial,False,1.0,107.11299999999999,0.045718783690690976
352,38,67,3.2183985849782277,0.05851633790869505,1200.0,0.15,4.0,55.0,knn,arterial,False,1.0,122.326,0.058517285712642184
353,67,38,3.2183985849782277,0.05851633790869505,1200.0,0.15,4.0,55.0,knn,arterial,False,1.0,128.86366666666666,0.05851750516264468
354,38,76,3.675365737940866,0.06682483159892484,1200.0,0.15,4.0,55.0,knn,arterial,False,1.0,21.587999999999997,0.06682483264883897
355,76,38,3.675365737940866,0.06682483159892484,1200.0,0.15,4.0,55.0,knn,arterial,False,1.0,40.022333333333336,0.06682484400155424
356,38,73,4.777593677795996,0.08686533959629084,1200.0,0.15,4.0,55.0,knn,arterial,False,1.0,151.493,0.08686864925384755
357,73,38,4.777593677795996,0.08686533959629084,1200.0,0.15,4.0,55.0,knn,arterial,False,1.0,378.89533333333327,0.08699484557609657
358,39,64,2.736265652175929,0.049750284585016895,1200.0,0.15,4.0,55.0,knn,arterial,False,1.0,727.0913333333333,0.0507560986778761
359,64,39,2.736265652175929,0.049750284585016895,1200.0,0.15,4.0,55.0,knn,arterial,False,1.0,460.3156666666667,0.049911863567534916
360,39,54,2.421080854429033,0.06052702136072583,600.0,0.15,4.0,40.0,knn,local,False,1.0,333.756,0.06139628574697984
361,54,39,2.421080854429033,0.06052702136072583,600.0,0.15,4.0,40.0,knn,local,False,1.0,270.26599999999996,0.06090078858529519
362,39,79,4.307143602631575,0.07831170186602864,1200.0,0.15,4.0,55.0,knn,arterial,False,1.0,716.302,0.07980304504447659
363,79,39,4.307143602631575,0.07831170186602864,1200.0,0.15,4.0,55.0,knn,arterial,False,1.0,986.7226666666666,0.0836816903722168
364,40,61,4.995223367601172,0.09082224304729404,1200.0,0.15,4.0,55.0,knn,arterial,False,1.0,320.47475000000003,0.09089154313241586
365,61,40,4.995223367601172,0.09082224304729404,1200.0,0.15,4.0,55.0,knn,arterial,False,1.0,310.122,0.09088301298662854
366,40,56,8.515575519626273,0.15482864581138678,1200.0,0.15,4.0,55.0,knn,arterial,False,1.0,209.23133333333334,0.15485011049446754
367,56,40,8.515575519626273,0.15482864581138678,1200.0,0.15,4.0,55.0,knn,arterial,False,1.0,366.34033333333326,0.15503036933014314
368,40,71,10.8646019810843,0.19753821783789638,1200.0,0.15,4.0,55.0,knn,arterial,False,1.0,0.0,0.19753821783789638
369,71,40,10.8646019810843,0.19753821783789638,1200.0,0.15,4.0,55.0,knn,arterial,False,1.0,0.0,0.19753821783789638
370,41,45,3.406664826123346,0.06193936047496992,1200.0,0.15,4.0,55.0,knn,arterial,False,1.0,0.0,0.06193936047496992
371,45,41,3.406664826123346,0.06193936047496992,1200.0,0.15,4.0,55.0,knn,arterial,False,1.0,0.0,0.06193936047496992
372,42,48,2.172442135723005,0.054311053393075126,210.0,0.15,4.0,40.0,knn,local,True,3.0,215.41266666666667,0.06333065290699842
373,48,42,2.172442135723005,0.054311053393075126,210.0,0.15,4.0,40.0,knn,local,True,3.0,257.35741666666667,0.07268697207743662
374,43,67,1.2114969441252197,0.03028742360313049,600.0,0.15,4.0,40.0,knn,local,False,1.0,190.42999999999998,0.030333522449670462
375,67,43,1.2114969441252197,0.03028742360313049,600.0,0.15,4.0,40.0,knn,local,False,1.0,271.40099999999995,0.030477616530644527
376,43,46,4.417849853099555,0.08032454278362827,1200.0,0.15,4.0,55.0,knn,arterial,False,1.0,166.08333333333331,0.08032896376563817
377,46,43,4.417849853099555,0.08032454278362827,1200.0,0.15,4.0,55.0,knn,arterial,False,1.0,70.03566666666666,0.08032468257861756
378,43,76,4.778061313988422,0.08687384207251676,1200.0,0.15,4.0,55.0,knn,arterial,False,1.0,2.5366666666666666,0.08687384207277696
379,76,43,4.778061313988422,0.08687384207251676,1200.0,0.15,4.0,55.0,knn,arterial,False,1.0,2.5366666666666666,0.08687384207277696
380,44,45,3.293423614871411,0.05988042936129838,1200.0,0.15,4.0,55.0,knn,arterial,False,1.0,101.66166666666666,0.05988089204061132
381,45,44,3.293423614871411,0.05988042936129838,1200.0,0.15,4.0,55.0,knn,arterial,False,1.0,101.66166666666666,0.05988089204061132
382,45,63,3.522860127033214,0.0640520023096948,1200.0,0.15,4.0,55.0,knn,arterial,False,1.0,238.353,0.06406695713952051
383,63,45,3.522860127033214,0.0640520023096948,1200.0,0.15,4.0,55.0,knn,arterial,False,1.0,147.469,0.06405419361013807
384,46,50,3.782156956544549,0.0687664901189918,1200.0,0.15,4.0,55.0,knn,arterial,False,1.0,806.6374166666667,0.0708724814851223
385,50,46,3.782156956544549,0.0687664901189918,1200.0,0.15,4.0,55.0,knn,arterial,False,1.0,802.4094166666666,0.07082867310754383
386,47,65,1.49363732032026,0.0373409330080065,600.0,0.15,4.0,40.0,knn,local,False,1.0,70.53383333333333,0.037342002706469424
387,65,47,1.49363732032026,0.0373409330080065,600.0,0.15,4.0,40.0,knn,local,False,1.0,70.53383333333335,0.037342002706469424
388,48,53,4.226589814311498,0.07684708753293633,1200.0,0.15,4.0,55.0,knn,arterial,False,1.0,374.65149999999994,0.07695661009391182
389,53,48,4.226589814311498,0.07684708753293633,1200.0,0.15,4.0,55.0,knn,arterial,False,1.0,348.66325000000006,0.0769292395788578
390,49,76,6.4701650019731565,0.1176393636722392,1200.0,0.15,4.0,55.0,knn,arterial,False,1.0,12.903,0.11763936390811412
391,76,49,6.4701650019731565,0.1176393636722392,1200.0,0.15,4.0,55.0,knn,arterial,False,1.0,0.0,0.1176393636722392
392,49,58,7.493122637594912,0.13623859341081657,1200.0,0.15,4.0,55.0,knn,arterial,False,1.0,0.0,0.13623859341081657
393,58,49,7.493122637594912,0.13623859341081657,1200.0,0.15,4.0,55.0,knn,arterial,False,1.0,7.125333333333334,0.1362385934362197
394,50,55,2.6041356995372467,0.04734792180976812,420.0,0.15,4.0,55.0,knn,arterial,True,3.0,854.6390833333334,0.1691139155725303
395,55,50,2.6041356995372467,0.04734792180976812,420.0,0.15,4.0,55.0,knn,arterial,True,3.0,637.6890000000001,0.0850904268283422
396,50,74,3.962218255435265,0.07204033191700482,420.0,0.15,4.0,55.0,knn,arterial,True,3.0,416.36833333333334,0.08247744937121435
397,74,50,3.962218255435265,0.07204033191700482,420.0,0.15,4.0,55.0,knn,arterial,True,3.0,377.06175,0.07906005075912531
398,50,76,4.2860492690148435,0.07792816852754261,1200.0,0.15,4.0,55.0,knn,arterial,False,1.0,0.0,0.07792816852754261
399,76,50,4.2860492690148435,0.07792816852754261,1200.0,0.15,4.0,55.0,knn,arterial,False,1.0,0.0,0.07792816852754261
400,51,68,6.971750915712937,0.12675910755841704,1200.0,0.15,4.0,55.0,knn,arterial,False,1.0,0.0,0.12675910755841704
401,68,51,6.971750915712937,0.12675910755841704,1200.0,0.15,4.0,55.0,knn,arterial,False,1.0,0.0,0.12675910755841704
402,52,63,4.691338068031211,0.08529705578238565,1200.0,0.15,4.0,55.0,knn,arterial,False,1.0,367.8466666666667,0.08541002694946355
403,63,52,4.691338068031211,0.08529705578238565,1200.0,0.15,4.0,55.0,knn,arterial,False,1.0,123.44333333333333,0.08529848853390416
404,52,79,5.102801077875971,0.09277820141592674,1200.0,0.15,4.0,55.0,knn,arterial,False,1.0,226.38,0.09279582784940468
405,79,52,5.102801077875971,0.09277820141592674,1200.0,0.15,4.0,55.0,knn,arterial,False,1.0,223.48766666666666,0.09279494415345729
406,53,60,2.9557605421352497,0.05374110076609545,1200.0,0.15,4.0,55.0,knn,arterial,False,1.0,174.0283333333333,0.053744666530756276
407,60,53,2.9557605421352497,0.05374110076609545,1200.0,0.15,4.0,55.0,knn,arterial,False,1.0,219.57833333333332,0.053750137901094314
408,53,63,3.060731531898879,0.05564966421634325,1200.0,0.15,4.0,55.0,knn,arterial,False,1.0,336.83033333333333,0.055701481375976664
409,63,53,3.060731531898879,0.05564966421634325,1200.0,0.15,4.0,55.0,knn,arterial,False,1.0,700.328,0.05661801962902805
410,54,64,0.5434822043089015,0.013587055107722536,600.0,0.15,4.0,40.0,knn,local,False,1.0,283.06399999999996,0.013688015296066608
411,64,54,0.5434822043089015,0.013587055107722536,600.0,0.15,4.0,40.0,knn,local,False,1.0,257.81933333333336,0.013656537300957353
412,54,77,3.345813394834769,0.06083297081517762,1200.0,0.15,4.0,55.0,knn,arterial,False,1.0,339.196,0.060891222459555326
413,77,54,3.345813394834769,0.06083297081517762,1200.0,0.15,4.0,55.0,knn,arterial,False,1.0,294.9406666666667,0.06086627079199442
414,55,74,1.451114450093509,0.03627786125233772,210.0,0.15,4.0,40.0,knn,local,True,3.0,224.25366666666667,0.04335428720302722
415,74,55,1.451114450093509,0.03627786125233772,210.0,0.15,4.0,40.0,knn,local,True,3.0,140.10500000000002,0.03735598917337792
416,55,72,2.302435720372663,0.05756089300931657,210.0,0.15,4.0,40.0,knn,local,True,3.0,0.0,0.05756089300931657
417,72,55,2.302435720372663,0.05756089300931657,210.0,0.15,4.0,40.0,knn,local,True,3.0,0.0,0.05756089300931657
418,55,59,3.061998568995281,0.05567270125445966,420.0,0.15,4.0,55.0,knn,arterial,True,3.0,0.0,0.05567270125445966
419,59,55,3.061998568995281,0.05567270125445966,420.0,0.15,4.0,55.0,knn,arterial,True,3.0,115.7805,0.05572092690273068
420,56,78,6.963892800465737,0.12661623273574066,1200.0,0.15,4.0,55.0,knn,arterial,False,1.0,477.008,0.12709042920223226
421,78,56,6.963892800465737,0.12661623273574066,1200.0,0.15,4.0,55.0,knn,arterial,False,1.0,148.80733333333336,0.12662072383856954
422,56,62,6.364542174036592,0.11571894861884713,1200.0,0.15,4.0,55.0,knn,arterial,False,1.0,139.02066666666667,0.11572207533330114
423,62,56,6.364542174036592,0.11571894861884713,1200.0,0.15,4.0,55.0,knn,arterial,False,1.0,45.67033333333334,0.11571898503612497
424,56,71,13.449625375227917,0.24453864318596213,1200.0,0.15,4.0,55.0,knn,arterial,False,1.0,0.0,0.24453864318596213
425,71,56,13.449625375227917,0.24453864318596213,1200.0,0.15,4.0,55.0,knn,arterial,False,1.0,0.0,0.24453864318596213
426,57,77,5.627543336513053,0.10231896975478279,1200.0,0.15,4.0,55.0,knn,arterial,False,1.0,1488.2219166666666,0.1386262082018267
427,77,57,5.627543336513053,0.10231896975478279,1200.0,0.15,4.0,55.0,knn,arterial,False,1.0,1026.9241666666667,0.11055041190752946
428,57,61,3.291704253401656,0.05984916824366647,1200.0,0.15,4.0,55.0,knn,arterial,False,1.0,490.2841666666667,0.06009932709101399
429,61,57,3.291704253401656,0.05984916824366647,1200.0,0.15,4.0,55.0,knn,arterial,False,1.0,576.0065833333333,0.06032574645448946
430,57,66,1.7622913259291795,0.04405728314822949,600.0,0.15,4.0,40.0,knn,local,False,1.0,468.6476666666667,0.04651702656047093
431,66,57,1.7622913259291795,0.04405728314822949,600.0,0.15,4.0,40.0,knn,local,False,1.0,385.7263333333333,0.04518609386927182
432,57,62,9.309079255199084,0.16925598645816517,1200.0,0.15,4.0,55.0,knn,arterial,False,1.0,0.0,0.16925598645816517
433,62,57,9.309079255199084,0.16925598645816517,1200.0,0.15,4.0,55.0,knn,arterial,False,1.0,93.35033333333334,0.16925691622447492
434,57,78,5.777504938037145,0.10504554432794809,1200.0,0.15,4.0,55.0,knn,arterial,False,1.0,184.52433333333332,0.10505435397461901
435,78,57,5.777504938037145,0.10504554432794809,1200.0,0.15,4.0,55.0,knn,arterial,False,1.0,424.6696666666666,0.10529268764759092
436,58,70,8.749746981384957,0.15908630875245378,1200.0,0.15,4.0,55.0,knn,arterial,False,1.0,0.0,0.15908630875245378
437,70,58,8.749746981384957,0.15908630875245378,1200.0,0.15,4.0,55.0,knn,arterial,False,1.0,0.0,0.15908630875245378
438,59,74,1.7020562515019755,0.04255140628754939,210.0,0.15,4.0,40.0,knn,local,True,3.0,145.31516666666667,0.044014835686024295
439,74,59,1.7020562515019755,0.04255140628754939,210.0,0.15,4.0,40.0,knn,local,True,3.0,122.63416666666666,0.04329369684317045
440,59,72,2.0749800896283213,0.05187450224070803,210.0,0.15,4.0,40.0,knn,local,True,3.0,0.0,0.05187450224070803
441,72,59,2.0749800896283213,0.05187450224070803,210.0,0.15,4.0,40.0,knn,local,True,3.0,0.0,0.05187450224070803
442,59,69,3.6691543435410883,0.06671189715529251,420.0,0.15,4.0,55.0,knn,arterial,True,3.0,36.02525,0.06671243881359211
443,69,59,3.6691543435410883,0.06671189715529251,420.0,0.15,4.0,55.0,knn,arterial,True,3.0,117.70275,0.06677361970071297
444,60,63,3.7430373224663303,0.06805522404484236,1200.0,0.15,4.0,55.0,knn,arterial,False,1.0,95.96966666666667,0.06805564164791782
445,63,60,3.7430373224663303,0.06805522404484236,1200.0,0.15,4.0,55.0,knn,arterial,False,1.0,137.459,0.06805698164654037
446,61,66,2.1932234470250345,0.05483058617562586,600.0,0.15,4.0,40.0,knn,local,False,1.0,240.015,0.05504118826883796
447,66,61,2.1932234470250345,0.05483058617562586,600.0,0.15,4.0,40.0,knn,local,False,1.0,252.0316666666667,0.055086639012530705
448,61,78,6.6381932719690635,0.12069442312671025,1200.0,0.15,4.0,55.0,knn,arterial,False,1.0,312.51433333333335,0.12077770169334621
449,78,61,6.6381932719690635,0.12069442312671025,1200.0,0.15,4.0,55.0,knn,arterial,False,1.0,352.67133333333334,0.1208294854192611
450,62,78,3.5345214885525467,0.06426402706459176,1200.0,0.15,4.0,55.0,knn,arterial,False,1.0,45.67033333333333,0.06426404728877248
451,78,62,3.5345214885525467,0.06426402706459176,1200.0,0.15,4.0,55.0,knn,arterial,False,1.0,45.67033333333334,0.06426404728877248
452,64,77,3.177563684589809,0.05777388517436016,1200.0,0.15,4.0,55.0,knn,arterial,False,1.0,480.06533333333334,0.05799585770402835
453,77,64,3.177563684589809,0.05777388517436016,1200.0,0.15,4.0,55.0,knn,arterial,False,1.0,478.538,0.057993046323774215
454,67,73,4.659281892161241,0.08471421622111347,1200.0,0.15,4.0,55.0,knn,arterial,False,1.0,220.42066666666665,0.08472868166677734
455,73,67,4.659281892161241,0.08471421622111347,1200.0,0.15,4.0,55.0,knn,arterial,False,1.0,448.4616666666666,0.08496208617066527
456,67,75,8.056935031624482,0.14648972784771785,1200.0,0.15,4.0,55.0,knn,arterial,False,1.0,74.07166666666667,0.1464900468412767
457,75,67,8.056935031624482,0.14648972784771785,1200.0,0.15,4.0,55.0,knn,arterial,False,1.0,116.99833333333333,0.14649171344947148
458,69,72,4.028713510092268,0.07324933654713214,420.0,0.15,4.0,55.0,knn,arterial,True,3.0,112.88925,0.07330668320913551
459,72,69,4.028713510092268,0.07324933654713214,420.0,0.15,4.0,55.0,knn,arterial,True,3.0,72.0505,0.07325885235772006
460,72,74,1.22009310529712,0.030502327632428,210.0,0.15,4.0,40.0,knn,local,True,3.0,216.94658333333334,0.03571377458224199
461,74,72,1.22009310529712,0.030502327632428,210.0,0.15,4.0,40.0,knn,local,True,3.0,176.10783333333333,0.032765208849249654
462,73,75,3.5067050629793077,0.06375827387235104,1200.0,0.15,4.0,55.0,knn,arterial,False,1.0,155.6976666666667,0.06376098425895613
463,75,73,3.5067050629793077,0.06375827387235104,1200.0,0.15,4.0,55.0,knn,arterial,False,1.0,196.828,0.06376519617118931
